Product_id,sku,name,description
185102,272145190-250-2,BASIC PUFFER JACKET,Puffer jacket made of tear-resistant ripstop fabric. High collar and adjustable long sleeves with adhesive straps. Welt pockets at hip. Adjustable hem with side elastics. Front zip closure.
188771,324052738-800-46,TUXEDO JACKET,Straight fit blazer. Pointed lapel collar and long sleeves with buttoned cuffs. Welt pockets at hip and interior pocket. Central back vent at hem. Front button closure.
180176,335342680-800-44,SLIM FIT SUIT JACKET,Slim fit jacket. Notched lapel collar. Long sleeves with buttoned cuffs. Welt pocket at chest and flap pockets at hip. Interior pocket. Back vents. Front button closure.
112917,328303236-420-44,STRETCH SUIT JACKET,Slim fit jacket made of viscose blend fabric. Notched lapel collar. Long sleeves with buttoned cuffs. Welt pocket at chest and flap pockets at hip. Interior pocket. Back vents. Front button closure.
192936,312368260-800-2,DOUBLE FACED JACKET,Jacket made of faux leather faux shearling with fleece interior. Tabbed lapel collar. Long sleeves. Zip pockets at hip. Front zip closure.
117590,320298385-807-2,CONTRASTING COLLAR JACKET,Relaxed fit jacket. Contrasting lapel collar and long sleeves with buttoned cuffs. Front pouch pockets. Interior pocket. Washed effect. Front zip closure.
189118,278112470-800-2,FAUX LEATHER PUFFER JACKET,Faux leather puffer jacket. High collar and long sleeves with ribbed interior cuffs. Welt pockets at hip. Interior pocket. Adjustable hem with side elastics. Front zip closure.
182157,322972485-431-46,SUIT JACKET IN 100% LINEN,Straight fit blazer made of linen. Notched lapel collar and long sleeves with buttoned cuffs. Welt pocket at chest and flap pockets at hip. Interior pocket. Back vents. Front button closure.
141861,313854165-401-46,100% WOOL SUIT JACKET,Jacket made of Italian wool. Pointed lapel collar and long sleeves with buttoned cuffs. Welt pocket at chest and flap pockets at hip. Interior pocket. Back vents. Front button closure.
137121,312372602-800-2,100% FEATHER FILL PUFFER JACKET,Puffer jacket made of shiny finish technical fabric. Fill is a blend of 80% down and 20% feathers. High collar with adjustable hood and long sleeves with elastic cuffs. Welt pockets at hip and interior pocket. Adjustable hem with side elastics. Front zip closure.
113143,316207900-710-2,HERRINGBONE TEXTURED JACKET,Jacket made of wool blend fabric. Lapel collar and long sleeves. Welt pockets at hip. Front zip closure.
140028,329186122-800-2,OVERSIZED CROPPED JACKET LIMITED EDITION,Oversized cropped jacket. Notched lapel collar and long sleeves with buttoned cuffs. Flap pockets at waist ad interior pocket. Front button closure.
134693,311297791-800-2,LEATHER BIKER JACKET,Jacket with lapel collar and snap button details. Long sleeves with zip cuffs. Front zip pockets and interior pocket. Asymmetric front closure with metal zipper.
151396,323134418-800-3,CROPPED LEATHER JACKET,Leather jacket. Cropped length. Lapel collar and long sleeves. Front hidden in-seam pockets. Front zip closure.
132889,311297555-706-2,FAUX LEATHER BOXY FIT JACKET,Boxy fit jacket. Lapel collar and long sleeves with buttoned cuffs. Welt pockets at hip. Front button closure.
152174,317012940-800-2,FAUX LEATHER JACKET,Jacket made of faux leather fabric. Lapel collar with snap button details. Long sleeves with zip cuffs. Front zip pockets at chest and hip. Interior pocket. Asymmetric front closure with metal zipper.
129906,311292672-800-2,FAUX SUEDE BOMBER JACKET,Jacket made of faux suede fabric. Ribbed elastic high collar and long sleeve. Welt pockets at hip. Rib trim. Front zip closure.
195879,321496837-400-3,DENIM BOMBER JACKET,Jacket made of denim fabric with padded interior. Rib elastic collar and long sleeves. Welt pockets at hip and interior pocket. Elastic hem. All-over contrasting topstitching details. Front zip closure.
155050,316205038-615-2,BOUCLГ‰ TEXTURED JACKET,Cropped jacket made with wool blend fabric. High collar and long sleeves with elastic cuffs. Front patch pockets with flaps. Elastic hem. Front snap button closure.
194410,322972473-052-46,SUIT JACKET IN 100% LINEN,Straight fit blazer made of linen. Notched lapel collar and long sleeves with buttoned cuffs. Flap pockets at hip. Interior pocket. Back vents. Front button closure.
141904,313845662-400-3,JACQUARD DENIM JACKET,Lapel collar jacket with long sleeves with buttoned cuffs. Patch pockets with flaps at chest and side pockets at hip. Front hidden button closure.
124981,320264577-800-2,PADDED DENIM JACKET,Cropped jacket with lightly quilted interior. Lapel collar and long sleeves. Flap patch pockets at hip. Washed effect. Rib hems. Front zip closure.
161909,315529534-705-3,LEATHER JACKET,Relaxed fit jacket in leather. Spread collar and long sleeves with slit cuffs with button closure. Patch pockets at hip. Back vents. Front button closure.
129152,320423517-800-2,LIGHTWEIGHT BOMBER JACKET,Lightweight jacket made of technical fabric. Round neck and long sleeves. Welt pockets at hip. Interior pocket. Rib trim. Front zip closure.
183243,328250627-251-46,SUIT JACKET,Straight fit jacket made of dense stretch fabric. Notched lapel collar and long sleeves with buttoned cuffs. Welt pocket at chest and flap pockets at hip. Interior pocket. Back vents. Front button closure.
198248,311309526-800-2,FAUX LEATHER BOMBER JACKET,Jacket made of faux leather fabric. High collar and long sleeves. Welt pockets at hip and interior pocket. Rib trim. Front zip closure.
191230,311287528-811-2,PATCH BOMBER JACKET,Varsity jacket made of faux suede fabric. Double welt pockets at hip and interior pocket. Front and back contrasting patch appliquГ©s and embroidery. Rib trim. Front snap button closure.
187234,342657802-914-2,STRETCH POCKET OVERSHIRT,Overshirt made of stretchy fabric. Lapel collar and long sleeves with snap buttoned cuffs. Chest patch pockets. Front snap button closure.
148888,316207898-712-2,RIB COLLAR JACKET,Jacket made of technical fabric with padded interior. Tonal elastic rib high collar. Long sleeves. Welt pockets at hip and interior pocket. Interior elastic finish. Front zip closure.
110805,321496761-800-2,FAUX LEATHER OVERSIZED JACKET LIMITED EDITION,Oversized jacket. Notched lapel collar and long sleeves. Flap pockets at hip and interior pocket. Front button closure.
179801,311307255-800-2,CONTRASTING PATCHES BOMBER JACKET,Varsity jacket with elastic collar and long sleeves. Welt pockets at hip and interior pocket. Embroidered appliquГ© and contrast front and back patches. Rib trim. Front snap button closure.
134927,317129011-500-2,PATCH BOMBER JACKET,Varsity jacket with padded interior. Rib elastic collar and long sleeves in contrast faux leather. Double welt pockets at hip and interior pocket. Contrasting patch appliquГ©s at front and back. Rib trim. Front snap button closure.
123150,330274270-800-2,CROPPED BOMBER JACKET LIMITED EDITION,Jacket with lightly padded interior. Rib collar and long sleeves. Flap pockets at waist. Rib trim. Front asymmetric zip closure.
159145,311297855-800-2,FAUX LEATHER PUFFER JACKET,Faux leather jacket with padded interior. Lapel collar and long sleeves with snap buttoned cuffs. Welt pockets at hip and interior pocket. Elastic hem. Front zip hidden by a snap button flap.
172364,317782474-800-2,FAUX LEATHER BOMBER JACKET,Jacket made of faux leather fabric. Rib elastic collar and long sleeves. Zip pockets with flaps at hip. Interior pocket. Elastic hem. Front zip closure.
178281,315758723-401-2,BOMBER JACKET,Varsity jacket. High collar and long sleeves. Welt pockets at hip and interior pocket. Rib trim. Front snap button closure.
194339,311302863-800-2,FAUX SUEDE JACKET,Lapel collar jacket with long sleeves with buttoned cuffs. Flap pockets at chest and welt pockets at hip. Front button closure.
174412,311282759-806-2,FAUX SUEDE BOMBER JACKET,Jacket made of faux suede fabric. Rib elastic collar and long sleeves. Welt pockets at hip. Rib trim. Front zip closure.
114877,323134415-700-3,SUEDE JACKET,Jacket made of suede. Cropped length. Lapel collar and long sleeves. Front hidden in-seam pockets. Front zip closure.
140727,312372582-526-2,CONTRASTING COLLAR JACKET,Jacket with lightly padded interior. Contrasting lapel collar. Long sleeves with buttoned cuffs. Washed effect. Double welt pockets at chest and hip. Front zip closure.
133109,321143726-712-2,TEXTURED JACKET,Jacket made of textured fabric. Lapel collar and long sleeves with buttoned cuffs. Patch pockets at chest and hidden pockets at hip. Side vents at hem. Front button closure.
127296,320220949-507-2,CROPPED TEXTURED JACKET,Jacket made of dense cotton fabric cut on the bias. Lapel collar and long sleeves with buttoned cuffs. Welt pockets at hip and interior pocket. Cropped length. Front zip closure.
133757,312664937-514-2,POCKET PUFFER JACKET,Quilted jacket made of technical fabric. High collar and long sleeves. Flap pocket at chest and hidden in-seam pockets at side hip. Interior pocket. Interior elastic hem. Cropped length. Front zip closure.
111760,321143723-401-2,TECHNICAL JACKET WITH POCKETS,Jacket made of technical fabric with quilted interior. Lapel collar and long sleeves. Flap patch pockets at hip. Rib trim. Front button closure.
198375,311297763-800-2,FAUX LEATHER JACKET,Jacket made of faux leather fabric. Lapel collar and long sleeves with snap buttoned cuffs. Welt pockets at hip. Front snap button closure.
168837,311292194-731-2,FAUX SUEDE JACKET,Lapel collar jacket with long sleeves with buttoned cuffs. Flap pockets at chest and welt pockets at hip. Front button closure.
138505,335663355-406-2,RIPPED DENIM JACKET,Denim jacket with lapel collar and long sleeves with buttoned cuffs. Flap pockets at chest and welt pockets at hip. All over washed effect and rips. Front button closure.
116228,312363708-800-2,TEXTURED POCKET JACKET,Jacket with lightly padded interior. Lapel collar and long sleeves with buttoned cuffs. Flap pockets at chest and welt pockets at hip. Front button closure.
167592,312320664-251-2,FAUX SUEDE PATCH JACKET,Varsity jacket made of faux suede fabric. Lapel collar and long sleeves. Double welt pockets at hip and interior pocket. Front contrasting patch appliquГ©s and embroidery. Rib trim. Front snap button closure.
133100,311302445-445-97,PUFFER JACKET WITH POUCH POCKET,Jacket made of technical fabric with padded interior. High collar with front zip closure and long sleeves with elastic strap cuffs. Front and back contrast embroidered text. Zip pockets at hip. Adjustable elastic strap at hem with side zippers and strap.
119955,323216370-422-97,BOMBER JACKET,Boxy bomber jacket. Rib elastic collar and long sleeves. Welt pockets at hip. Elasticized trim. Front zip closure.
189349,317107014-707-2,TEXTURED WEAVE OVERSHIRT,Relaxed fit overshirt. Lapel collar and long sleeves with buttoned cuffs. Side hidden in-seam pockets. Front button closure.
127478,328594167-800-46,STRAIGHT SUIT JACKET,Straight fit blazer. Notched lapel collar and long sleeves with buttoned cuffs. Flap pockets at hip. Interior pocket. Central back vent at hem. Front button closure.
180661,311309598-711-2,HOODED QUILTED JACKET,Puffer jacket with high collar and adjustable hood. Long sleeves with interior rib cuffs. Welt pockets at hip and interior pocket. Adjustable hem with side elastics. Front zip hidden by a snap button flap.
186681,267133943-711-2,LIGHTWEIGHT PUFFER JACKET,Padded jacket made of technical fabric. High collar and long sleeves. Welt pockets at hip. Elasticized trim. Front zip closure.
133183,318265017-401-2,COTTON BLEND BOMBER JACKET,Jacket made of cotton blend fabric. High collar and long sleeves. Welt pockets at hip. Rib trim. Cropped length. Front zip closure.
173508,322410604-401-2,POCKET JACKET,Jacket made of dense technical fabric. Lapel collar and long sleeves with buttoned cuffs. Multi-functional front pockets. Front zip hidden by a snap button flap.
187930,324149982-982-2,OVERSIZED BOMBER JACKET,Oversized jacket made of technical fabric. High collar and long sleeves with pocket detail. Welt pockets at hip and interior pocket. Rib trim. Adjustable asymmetric hem with side zippers. Front zip closure.
124088,320531693-707-2,EMBROIDERED PATCH JACKET,Roomy jacket made of lightweight fabric. Lapel collar and long sleeves with elastic cuffs. Contrasting patch appliquГ©s with embroidery at front and back. Front pouch pocket. Elastic hem. Front zip closure.
190238,328279967-409-3,ACID WASH DENIM JACKET,Jacket made of cotton denim. Lapel collar and long sleeves with buttoned cuffs. Patch pockets at chest and side pockets at hip. Washed effect. Front zip closure.
151925,320774184-800-97,VINTAGE EFFECT LEATHER BOMBER JACKET,
163234,322972491-800-2,TEXTURED DENIM JACKET LIMITED EDITION,Lapel collar jacket with long sleeves with buttoned cuffs. Flap pockets at chest and welt pockets at hip. All over washed and uneven textured effect. Front button closure.
135610,321501682-800-2,WOOL BLEND JACKET,Jacket made of wool blend fabric. Lapel collar and long sleeves. Welt pockets at hip and interior pocket. Rib trim. Front zip closure.
117065,328616906-712-2,COTTON - LINEN BLEND JACKET,Jacket made of cotton and linen blend fabric. Lapel collar and long sleeves with buttoned cuffs. Patch pocket at chest and side pockets at hip. Elastic hem. Front zip closure.
149315,311292541-802-2,FLEECE BOMBER JACKET,Jacket made of faux shearling fabric. Rib elastic collar and long sleeves. Welt pockets at hip and interior pocket. Rib trim. Front zip closure.
149510,319205114-807-2,ZIPPERED JACKET,Lapel collar jacket with long sleeves. Front pouch pockets. Front zip closure.
137990,276213846-500-2,COTTON JACKET,Lapel collar jacket with long sleeves with elastic cuffs. Patch pockets at hip. Elastic hem. Front snap button closure.
154016,328244979-064-48,WOOL BLEND TEXTURED JACKET,Jacket made of wool blend fabric. Pointed lapel collar and long sleeves with buttoned cuffs. Welt pockets at chest and flap pockets at hip. Interior pocket. Back vents. Front double breasted button closure.
117751,323050745-798-97,CONTRAST JACQUARD JACKET,Full cut jacket with lapel collar and long sleeves. Front button closure.
182362,319166635-401-2,CROPPED OVERSHIRT,Cropped overshirt made of contrast double faced fabric. Lapel collar and long sleeves with buttoned cuffs. Chest patch pocket. Adjustable hem with side elastics. Front button closure partially hidden by a flap.
117725,311297489-800-2,CONTRASTING PATCHES HOODED JACKET,Varsity jacket with stretchy collar and contrasting hood. Long sleeves. Welt pockets at hip and interior pocket. Embroidered appliquГ© and contrast front and back patches. Rib trim. Front snap button closure.
145289,311292073-709-2,UTILITY POCKET JACKET,Cropped jacket. Lapel collar and long sleeves. Front utility pockets with zip closure. Washed effect. Elastic hem. Adjustable hem with side elastics. Front zip closure.
173576,336378923-700-2,,
175059,311292572-401-2,LIGHTWEIGHT BOMBER JACKET,Lightweight jacket made of technical fabric. Round neck and long sleeves. Welt pockets at hip. Interior pocket. Rib trim. Front zip closure.
199368,336821611-706-2,WOOL BLEND JACKET,Lapel collar jacket with long sleeves with buttoned cuffs. Chest patch pockets and welt pockets at hip. Front button closure.
162883,311307584-518-2,TECHNICAL PADDED JACKET,Jacket made of technical fabric with padded interior. High collar with foldable interior hood. Long sleeves with interior rib cuffs. Front pockets with hidden zip closure and interior pocket detail. Adjustable hem with side elastics. Front zip hidden by a snap button flap.
135490,321151893-609-2,MIXED COLLAR WAXED JACKET,Jacket made of waxed finish fabric with lightly padded interior. Contrast fabric lapel collar. Long sleeves. Patch pockets at hip. Interior pocket. Slightly cropped length. Front hidden zip and button closure.
125408,311297509-800-2,CONTRASTING PATCHES BOMBER JACKET,Varsity jacket with elastic collar and long sleeves. Welt pockets at hip and interior pocket. Embroidered appliquГ© and contrast front and back patches. Rib trim. Front snap button closure.
134763,315947178-800-2,PADDED BOMBER JACKET,Quilted jacket made of technical fabric. Lapel collar and long sleeves. Welt pockets at hip. Rib trim. Front zip closure.
143231,311297745-800-2,TECHNICAL PADDED JACKET,Jacket made of technical fabric with padded interior. Lapel collar and long sleeves with elastic cuffs. Welt pockets at hip and interior pocket. Adjustable drawstring hem. Front snap button closure.
125409,330290360-427-3,POCKET DENIM JACKET,Slightly cropped denim jacket. Lapel collar and long sleeves with buttoned cuffs. Flap patch pocket at chest and side hip. Washed effect. Front button closure.
183074,320449897-427-2,BOXY FIT DENIM JACKET,Boxy fit jacket. Lapel collar and long sleeves with buttoned cuffs. Patch pockets at hip. Washed effect.Asymmetric hem with side vents. Front button closure.
147947,311297724-700-97,FAUX SHEARLING PLAID JACKET,Jacket made of faux shearling fabric. V-neckline and long sleeves with elastic cuffs. Lined interior with structured mesh fabric. Welt pockets at hip. Adjustable hem with side elastics. Front snap button closure.
174171,328332050-700-97,EMBROIDERED FOREST JACKET,Jacket with lightly padded interior. Corduroy lapel collar. Long sleeves. Patch pockets at hip. Front button closure.
183064,311282469-505-2,POCKET OVERSHIRT,Cropped overshirt. Lapel collar and long sleeves with buttoned cuffs. Front patch pockets. Irregular finished seams. Front button closure.
177131,319502128-515-2,BOUCLE TEXTURED VEST,Vest made of viscose and wool blend fabric. V-neckline. Patch pockets at hip. Front zip closure.
128179,311287226-472-2,COLOR BLOCK PUFFER JACKET,Jacket made of technical fabric with padded interior. High collar and long sleeves with elastic cuffs. Front pockets with hidden zip closure. Elastic hem. Front zip closure.
152723,316683359-818-2,LONGLINE QUILTED JACKET,Parka made of technical fabric with padded interior. High collar with removable hood. Long sleeves with interior elastic cuffs. Welt pockets at chest and flap pockets at hip. Interior pocket. Adjustable interior waistband with drawstring. Adjustable hem with side elastics. Front zip hidden by a snap button flap.
123824,322901350-800-46,WOOL BLEND SUIT JACKET,Straight fit jacket made of wool blend fabric. Notched lapel collar and long sleeves with buttoned cuffs. Welt pockets at chest and flap pockets at hip. Interior pocket. Central vent at back hem. Front button closure.
166345,322929313-802-97,HOODED KNIT CARDIGAN,Cotton knit jacket. Hooded collar and long sleeves. Rib trim. Front pouch pockets. Rib trim. Front zip closure.
199279,267186163-643-2,HOODED TECHNICAL JACKET,Jacket made of technical fabric with brushed interior. High collar with adjustable hood. Long sleeves with cuffs and adhesive straps. Zip pockets at chest and hip. Front zip closure.
167981,329706743-401-46,HOUNDSTOOTH SUIT JACKET,Straight fit blazer. Notched lapel collar and long sleeves with buttoned cuffs. Welt pocket at chest and flap pockets at hip. Interior pocket. Back vents. Front button closure.
146839,321496813-710-2,BOMBER JACKET,Jacket with padded interior. Rib elastic collar and long sleeves. Flap pockets at hip and interior pocket. Rib trim. Front zip closure.
187180,312596416-800-2,HOODED TECHNICAL JACKET,Cropped jacket made of technical fabric. Hooded high collar and long sleeves with adjustable snap button cuffs. Front patch pockets with flaps at hips. Adjustable hem with side elastics. Front zip hidden by a snap button flap.
167640,311287132-251-2,HOODED TECHNICAL JACKET,Jacket made of technical fabric. High collar with adjustable drawstring hood. Long sleeves with rib cuffs. Chest welt pocket and hip patch pockets. Interior pocket. Adjustable hem with elastics at sides. Front zip hidden by a snap button flap.
165158,323675323-700-2,WASHED EFFECT BOMBER JACKET,Jacket made of technical fabric. Lapel collar and long sleeves with pocket detail. Welt pockets at hip and interior pocket. Washed effect. Elasticized trim. Front zip hidden by a snap button flap.
111521,323672371-507-2,WASHED TECHNICAL JACKET,Jacket made of technical fabric. High collar and long sleeves with adjustable cuffs with snap button straps. Flap patch pockets at hip. Adjustable drawstring hem. Washed effect. Front zip hidden by a snap button flap.
120228,327116625-505-2,100% FEATHER FILL PUFFER JACKET,Puffer vest made of technical fabric. Fill is a blend of 60% down and 40% feather. Sleeveless design with high collar. Zip pockets at hip and interior pocket. Adjustable hem with side elastics. Front snap button closure.
133078,311302424-409-2,PADDED BOMBER JACKET,Jacket made of technical fabric with lightly padded interior. Rib elastic collar and long sleeves. Zip pockets at hip. Elastic hem. Front zip closure.
137598,329158644-605-2,POCKET JACKET,Regular fit jacket with lapel collar and long sleeves. Patch pockets at chest and hip. Front button closure.
138779,329300083-705-48,SLIM FIT SUIT JACKET,Slim fit jacket made of viscose blend fabric. Notched lapel collar. Long sleeves with buttoned cuffs. Welt pocket at chest and flap pockets at hip. Interior pocket. Back vents. Front button closure.
198329,323212374-510-2,MIXED COLLAR JACKET,Jacket made of technical fabric with lightly padded interior. Rib high collar. Long sleeves with elastic cuffs. Patch pockets at hip. Front zip closure.
110295,322547863-811-2,HOODED DENIM JACKET,Boxy fit jacket. High collar with adjustable hood and long sleeves with buttoned cuffs. Patch pockets with flaps at chest. Front straps with multi-functional ring. Washed effect. Front hidden zip and snap button closure.
196427,320600266-745-2,WAXED EFFECT PLAID JACKET,Cropped jacket made of cotton with waxed finish. Lapel collar and long adjustable cuffed sleeves. Welt pockets at hip and interior pocket. Adjustable front drawcord hem. Front zip closure.
110075,320771732-800-2,WOOL BLEND FELT TEXTURE JACKET,Cropped jacket made with wool blend fabric. Lapel collar and long sleeves. Welt pockets at hip. Front hidden button closure.
132322,289179723-020-2,PRINTED DENIM OVERSHIRT,Boxy fit overshirt. Lapel collar and short sleeves. Front snap button closure.
199631,327747299-800-2,STRUCTURED TWILL OVERSHIRT,Regular fit overshirt made of 22% wool fabric. Lapel collar and long sleeves with buttoned cuffs. Patch pocket at chest and side pockets at hip. Side vents at hem. Front button closure.
182306,317782501-701-2,COTTON OVERSHIRT,Relaxed fit overshirt made with cotton fabric. Lapel collar and long sleeves with buttoned cuffs. Flap patch pockets at chest and side hip pockets. Front button closure.
194915,311282298-099-2,REVERSIBLE PLAID OVERSHIRT,Relaxed fit reversible overshirt. Italian collar and long sleeves with buttoned cuffs. Chest patch pocket. Front button closure.
131298,322612356-505-2,PLAID OVERSHIRT,Relaxed fit overshirt made with cotton fabric. Lapel collar and long sleeves with buttoned cuffs. Patch pockets at hip. Washed effect. Front button closure.
168571,311282631-712-2,POCKET OVERSHIRT,Relaxed fit overshirt. Lapel collar and long sleeves with adjustable button cuffs. Welt pockets at hip. Front zip hidden by a snap button flap.
154224,329282612-401-2,100% LINEN OVERSHIRT,Relaxed fit overshirt made of linen fabric. Lapel collar and long sleeves with buttoned cuffs. Chest patch pockets. Front button closure.
171061,320026789-714-2,PLAID OVERSHIRT,Relaxed fit overshirt made of viscose blend fabric. Lapel collar and long sleeves with buttoned cuffs. Chest patch pocket. Front button closure.
119049,323216360-406-2,POCKET DENIM OVERSHIRT,Boxy fit overshirt. Lapel collar and long sleeves with buttoned cuffs. Chest patch pockets. Washed effect. Front button closure.
158781,318209963-800-2,FAUX SUEDE OVERSHIRT,Relaxed fit overshirt. Lapel collar and long sleeves. Chest patch pocket. Front snap button closure.
151438,316727555-700-2,PLAID OVERSHIRT,Regular fit overshirt. Lapel collar and long sleeves with buttoned cuffs. Front zip closure.
152871,312571093-710-2,TEXTURED POCKET OVERSHIRT,Overshirt made of diagonal textured cotton fabric. Lapel collar and long sleeves with buttoned cuffs. Patch pockets at hip. Front button closure.
126806,330290387-401-2,POCKET OVERSHIRT,Relaxed fit overshirt made of 25% wool fabric. Lapel collar and long sleeves with buttoned cuffs. Patch pocket at chest and side pockets at hip. Front button closure.
134104,313027279-800-2,OVERSHIRT,Relaxed fit overshirt made of stretch fabric. Lapel collar and long sleeves with buttoned cuffs. Chest patch pocket. Front button closure.
120266,320671529-802-2,PLAID OVERSHIRT,Cropped overshirt. Lapel collar and long sleeves with buttoned cuffs. Chest patch pocket. Irregular trim. Front button closure.
173550,323646471-802-2,POCKET OVERSHIRT,Overshirt with lapel collar and long sleeves with buttoned cuffs. Chest patch pocket. Front button closure.
175927,312978838-611-2,ZIPPERED WOOL BLEND OVERSHIRT,Relaxed fit overshirt made of wool blend fabric. Lapel collar and long sleeves with buttoned cuffs. Welt pockets at hip. Front zip closure.
154278,336446858-822-2,GEOMETRIC JACQUARD OVERSHIRT,Relaxed fit overshirt made with cotton fabric. Lapel collar and long sleeves with buttoned cuffs. Welt pockets at hip. Front button closure.
183537,281883711-071-2,PAINT PRINT OVERSHIRT,Relaxed fit overshirt. Lapel collar and long sleeves with snap button cuffs. Chest patch pockets. Side vents at hem. Front snap button closure.
150424,313008692-514-2,PADDED CORDUROY OVERSHIRT,Overshirt with quilted interior. Lapel collar and long sleeves with buttoned cuffs. Flap patch pockets at chest and in-seam pockets at side hip. Front snap button closure.
183825,281593208-015-2,PLAID TIE DYE OVERSHIRT,Regular fit overshirt made of cotton. Lapel collar and long sleeves with buttoned cuffs. Chest patch pockets. Front button closure.
144012,314937772-710-2,OVERSHIRT WITH CONTRASTING TOPSTITCHING,Relaxed fit overshirt made with cotton fabric. Lapel collar and long sleeves with buttoned cuffs. Chest patch pocket. Contrasting topstitching all over the garment. Front button closure.
147051,320278659-251-2,QUILTED STRUCTURED OVERSHIRT,Regular fit overshirt with quilted interior. Lapel collar and long sleeves with buttoned cuffs. Patch pockets at chest and welt pockets at hip. Front button closure.
185800,321993245-500-2,TECHNICAL OVERSHIRT,Regular fit overshirt with lightly padded interior. Lapel collar and long sleeves with buttoned cuffs. Flap pockets at hip. Front button closure.
197524,330590505-500-2,PLAID OVERSHIRT,Relaxed fit overshirt. Lapel collar and long sleeves with buttoned cuffs. Chest patch pocket. Front button closure.
148823,320680326-107-39,SUEDE FISHERMAN SANDALS,Fisherman sandals. Made of leather with a suede finish. Crossed straps at front. Buckled ankle strap closure. Slightly chunky soles.
114550,311292244-800-39,ZIPPER MULTIPIECE SNEAKERS,Running shoes. Upper in a combination of pieces and finishes. Front zip closure. Back pull tab for ease. Chunky soles with irregular design.
125398,311307610-400-39,SUEDE LACELESS SNEAKERS,Slip on sneakers. Made of leather with a suede finish. Upper in a combination of pieces. Chunky sole.
123985,311302877-203-39,MULTICOLOR SNEAKERS,Sneakers. Combination of colors and pieces at upper. Lacing with six pairs of eyelets. Chunky rubber sole with irregular design.
186638,311302598-500-39,RETRO RUNNING SNEAKERS,Running shoes. Upper in a combination of pieces and materials. Lacing with seven pairs of eyelets. Chunky lug soles. Retro-inspired design.
167281,311297328-800-39,SUEDE HIGH-TOPS,High top sneakers. Upper in a combination of pieces and materials. Lacing with seven pairs of eyelets. Chunky tonal sole.
118578,311302865-804-39,SUEDE STRAP SANDALS,Sandals. Made of leather with a suede finish. Two crossed wide straps at instep. Thick lightweight soles.
174041,311307489-203-39,MULTIPIECE SNEAKERS,Sneakers. Upper in a combination of pieces and colors. Lacing with seven pairs of eyelets. Chunky sole with a combination of colors. Retro-inspired design.
127644,311287075-120-39,TOPSTITCH SNEAKERS,Sneakers. Pieces and topstitching at upper. Lacing with six pairs of eyelets. Contrasting slightly chunky soles.
132007,276378605-515-39,RETRO SNEAKERS,Sneakers. Upper in a combination of pieces and materials. Lacing with seven pairs of eyelets. Quilted back piece. Chunky sole. Retro style.
147998,277776476-700-39,RETRO HIGH TOP SNEAKERS,High-top sneakers. Upper in a combination of pieces. Laces with ten pairs of eyelets. Chunky sole.
176666,313381662-202-39,MULTI-PIECED RETRO SNEAKERS,Sneakers. Upper in a combination of pieces and colors. Lacing with six pairs of eyelets. Textured chunky soles. Retro style.
193686,311292343-700-39,TASSEL LEATHER LOAFERS,Loafers. Made of leather. Smooth upper with ruching at toe. Decorative fringed tassels at instep. Rounded shape. Welt around upper. Chunky lug soles.
163610,311309627-805-39,MOC-TOE SUEDE BOOTS,Suede leather boots. Ridged seam detail at upper. Lacing with two pairs of eyelets. Welt around upper. Slightly chunky sole.
170364,315851805-800-39,STRAP SANDALS,Sandals with two straps. The thin straps hug the instep. Slightly chunky sole.
167599,311292644-400-39,SUEDE RETRO SNEAKERS,Sneakers. Made of leather. Combination of finishes and materials at upper. Lacing with seven pairs of eyelets. Chunky sole in a combination of colors. Retro-inspired design.
166421,311302552-800-39,HIKING BOOTS,Lace-up boots. Upper in a combination of pieces and finishes. Laces with metal appliquГ©s and seven pairs of eyelets. Welt detail around upper. Rounded shape. Chunky lug soles.
129247,311302532-102-39,SUEDE SNEAKERS,Sneakers. Made of leather with a suede finish. Laces with five pairs of eyelets. Chunky soles.
127314,311287147-723-39,FAUX SHEARLING LINED SUEDE BOOTS,Ankle boots. Made of leather with a suede finish. Faux shearling interior and side detail. Rounded shape. Welt around upper. Back pull tab. Chunky lug soles.
111979,311307332-202-39,CHUNKY SNEAKERS,Sneakers. Upper in a combination of pieces and textures. Shoelaces with six pairs of eyelets at different heights. Chunky irregular design soles. Retro-inspired design.
120354,311282293-131-39,DOUBLE STRAP SUEDE SANDALS,Sandals. Made of leather with a suede finish. Two wide straps at instep with buckles. Insole with anatomical shaped footbed. Welt around upper. Chunky lug soles.
144848,311287149-800-39,CHUNKY SOLE CANVAS LACE-UP BOOTS,High shaft boots. Lacing with eight pairs of eyelets. Back pull tab for ease. Rounded shape. Chunky lug soles.
111957,311307624-500-39,SUEDE PENNY LOAFERS,Loafers. Made of leather with a suede finish. Ornamental saddle detail at instep. Rounded shape. Contrasting colored sole.
160763,311282212-800-39,ADHERENT STRIPES SNEAKERS,Sneakers. Monochromatic. Upper in a combination of pieces. Closure with three adhesive straps. Slightly chunky sole.
168270,311292281-203-39,MULTIPIECE SNEAKERS,Running shoes. Upper in a combination of pieces and finishes. Lacing with six pairs of eyelets. Chunky soles with irregular design. Lug soles. Trek style.
195082,311302515-800-39,CHUNKY SOLE HIGH TOP SNEAKERS,High top sneakers. Lacing with nine pairs of eyelets. Contrasting foxing around the upper. Chunky rubberized soles.
110329,314937773-800-39,CONTRAST SOLE LEATHER SNEAKERS,Sneakers. Made of leather. Upper in a combination of pieces and finishes. Lacing with six pairs of eyelets. Rounded shape. Chunky sole.
147449,316608794-802-39,SUEDE RUNNING SNEAKERS,Running shoes. Made of suede leather. Upper in a combination of materials and colors. Lacing with six pairs of eyelets. Chunky soles with irregular design.
193332,319205037-800-39,WOVEN LEATHER SLIDES,Sandals. Made of leather. Three woven wide straps at instep. Chunky sole.
146804,311307495-131-39,SUEDE SNEAKERS,Sneakers. Made of leather with a suede finish. Contrast lacing with seven pairs of eyelets. Welt around upper. Chunky sole.
188909,336449731-712-1,ASYMMETRIC CROPPED KNIT SWEATER,Woven V-neckline long sleeve sweater. Asymmetric hem.
165910,313890651-712-2,KNIT SWEATER WITH PEARLS,Sweater made with 22% wool and 10% alpaca. Round neck and long sleeves. Faux pearl appliquГ©.
136738,287414911-803-2,HIGH COLLAR KNIT SWEATER,Sweater with high collar and long sleeves. Front pocket. Side vents at hem. Rib trim.
144497,342171615-104-2,STRIPED KNIT SWEATER,Sweater with high collar and long sleeves. Front zip closure.
135036,314152967-485-2,CABLE KNIT METALLIC SWEATER,Round neck long sleeve sweater. Metallic fabric detail and frayed trim.
166331,324186867-642-2,ASYMMETRICAL WOOL AND SILK BLEND SWEATER,Wool and silk blend sweater. Asymmetric neckline and long sleeves.
139789,316900618-809-2,WOOL AND CASHMERE BLEND RIB SWEATER,Sweater made with 80% wool and 20% cashmere. Round neck and long sleeves.
118569,313890645-330-2,ALPACA AND WOOL BLEND TIE DYE KNIT SWEATER,Sweater made with 31% wool and 28% alpaca. Round neck and long sleeves.
155848,324597432-800-2,MOCK NECK WOOL AND SILK BLEND KNIT TOP,Wool and silk blend top. High collar and long sleeves.
152563,313890686-731-2,CASHMERE BLEND KNIT SWEATER,Sweater made with 95% cashmere. V-neck and long sleeves. Rib trim.
115153,313890650-712-2,ALPACA BLEND OPEN KNIT SWEATER,Sweater made with 63% alpaca. Round neck and long sleeves.
125938,313890680-450-2,OVERSIZED KNIT SWEATER,Sweater made with 20% wool and 17% alpaca. Crew neck and long sleeves. Tonal rib trim.
122809,344575855-982-2,WOOL BLEND KNIT SWEATER,Sweater made with 31% wool. Round neck and long sleeves. Rib trim.
181502,323175653-803-2,SOFT JEWEL SWEATER,Sweater made of soft touch fabric. Round neckline with jewel appliquГ©s and long sleeves.
182779,324814227-400-2,FAUX FUR JEWEL SWEATER,Round neck short sleeve sweater. Soft feel faux fur fabric. Jewel appliquГ©s.
155674,323218942-800-2,METAL BEAD KNIT SWEATER,Round neck long sleeve sweater. Side slit at hem with metal bead appliquГ©s.
182866,313890656-800-2,KNIT SWEATER WITH BUTTONS,Basic sweater with round neck and long sleeves. Side button details at shoulders.
148230,321480271-802-2,JEWEL KNIT SWEATER,Round neck sweater with jewel appliquГ©s and long sleeves. Back opening with button closure.
126979,311297787-806-1,KNIT SWEATER WITH PIPING,Round neck long sleeve sweater. Contrasting piping detail. Rib trim.
135521,322677494-446-1,FINE KNIT CROP SWEATER,Cropped fine knit sweater with round neck and long sleeves.
185809,313890688-330-1,KNIT SWEATER WITH RIPS,Round neck long sleeve sweater. Openwork detail with rips.
171520,322451460-800-1,GATHERED WAIST KNIT SWEATER,Round neck long sleeve sweater. Fitted waist with side ruching.
122926,319465261-800-2,KNIT V-NECK SWEATER,V-neck sweater with long sleeves. Rib trim.
150953,317331009-312-2,BASIC FOIL KNIT SWEATER,Round neck long sleeve sweater. Rib trim.
115873,311297400-803-1,CONTRAST TOPSTITCHING CROP KNIT SWEATER,V-neck cropped sweater with long sleeves. Front patch pockets. Contrast topstitching.
115581,336449779-104-1,STRIPED CROP KNIT SWEATER,Long sleeve high collar cropped sweater. Frayed hem.
183634,324593343-043-2,BASIC KNIT SWEATER,Long sleeve round neck sweater. Side vents at hem. Rib trim.
122484,319473750-809-1,V-NECK KNIT SWEATER,V-neck sweater with long sleeves. Side vents at hem.
183574,331789902-808-1,FOIL KNIT CROP SWEATER,Ribbed sweater with round neck and long sleeves. Ripped hem.
185307,300250126-401-2,BASIC 100% WOOL SWEATER,Sweater made of 100% wool. Round neck and long sleeves. Ribbed trim.
118719,320052978-401-2,COLORBLOCK KNIT CROP SWEATER,Short sweater with round neck and long sleeves.
134788,324722597-400-2,FINE KNIT SWEATER,V-neck sweater with long sleeves.
140142,328207551-500-2,KNIT OPEN BACK PEARLY SWEATER,High collar sweater with long sleeves. Open back detail and pearl appliquГ©s. Back button closure.
153997,318131967-800-2,KNIT PEARL SWEATER,Round neck long sleeve sweater. Tonal pearl appliquГ©s and open back with tie.
123230,324027512-064-2,STRIPED TEXTURED OVERSHIRT,Relaxed fit overshirt. Lapel collar and long sleeves with buttoned cuffs. Patch pockets at hip. Front button closure.
154676,311292623-712-97,FLEECE OVERSHIRT,Regular fit overshirt. Lapel collar and long sleeves with buttoned cuffs. Chest patch pockets. Front button closure.
152985,319162032-064-2,PLAID OVERSHIRT,Relaxed fit overshirt. Lapel collar and long sleeves with buttoned cuffs. Chest patch pockets. Front button closure.
175584,324908098-800-38,BAGGY FIT JEANS LIMITED EDITION,Baggy jeans. Five pockets. Washed effect. Front zip and button closure.
147491,326540983-802-36,BAGGY BELTED JEANS,Baggy jeans. Self belt at waist. Front pockets and back patch pockets. Washed effect. Front button closure.
198283,315836999-406-34,BAGGY FIT JEANS,Baggy fit jeans. Five pockets. Washed effect. Front zip and button closure.
141547,315738965-802-34,BAGGY FIT JEANS,Baggy fit jeans. Five pockets. Washed effect. Front zip and button closure.
156342,311287318-400-38,FLARED FIT CARGO JEANS,Flared jeans. Patch pockets with flaps at hip. Patch pocket appliquГ©s at legs. Washed effect. Adjustable hem with zippers. Front zipper and crossover button closure.
186083,312393140-406-2,PLEATED WIDE FIT JEANS,Wide fit jeans. Adjustable interior elastic waistband with front pleats. Front pockets and back patch pockets. Washed effect. Front zip and button closure.
171776,275600408-400-2,DENIM SHIRT,Relaxed fit shirt made of denim fabric. Lapel collar and short sleeves. Chest patch pocket. Washed effect. Front button closure.
134429,311303003-407-38,RIPPED STRAIGHT FIT JEANS,Straight fit jeans. Five pockets. Washed effect with rips at legs. Front button closure.
172816,311307250-710-3,TEXTURED SWEATER,Sweater made of 30% wool thread. Round neck and long sleeves. Rib trim.
136272,267195405-500-3,PURL KNIT SWEATER,High collar sweater with front zipper. Long sleeves. Rib trim.
193227,317894313-707-3,BRAIDED COLOR BLOCK SWEATER,Round neck long sleeve full cut sweater. Rib trim.
165786,315075917-803-2,CONTRAST INTERIOR SWEATER,Cotton blend sweater. Round neck and long sleeves. Contrast interior. Rib trim.
174708,317889153-700-3,ABSTRACT JACQUARD SWEATER,Full cut cotton knit sweater. Round neck and long sleeves. Rib trim.
142257,315241755-800-2,BASIC SLIM FIT T-SHIRT,Slim fit shirt. Round neck and short sleeves.
126146,320326523-707-2,CROPPED WASHED T-SHIRT,Cropped fit T-shirt with round neck and short sleeves. Contrasting front and back prints. Washed effect.
129134,316715458-250-2,BASIC HEAVYWEIGHT T-SHIRT,Roomy T-shirt made of dense cotton. Round neck and short sleeves.
129898,322677489-800-2,HEART PRINT T-SHIRT,Boxy fit T-shirt with round neck and short sleeves. Contrasting prints at shoulder and back.
189692,330077856-251-2,TEXT T-SHIRT,Boxy fit T-shirt. Round neck and short sleeves. Velvet effect print with contrast text.
154846,328232452-898-2,PRINTED CROPPED FIT SHIRT LIMITED EDITION,Cropped shirt. Round neckline. Contrasting front print. Washed effect. Irregular trim.
122307,317230892-251-3,RIBBED KNIT T-SHIRT,Cotton knit tank top. Round neck with front button closure. Rib trim.
182099,330478123-712-2,OVERSIZE FIT T-SHIRT,Oversized T-shirt. Round neck and short sleeves.
159816,318255748-250-2,BASIC MEDIUM WEIGHT T-SHIRT,Regular fit T-shirt. Round neck and short sleeves.
165326,319334069-712-2,STRUCTURED TEXT T-SHIRT,Full cut T-shirt made of mesh textured fabric. Contrast rib V-neckline and short sleeves. Front contrast printed text.
185154,311307261-712-2,ABSTRACT PRINT T-SHIRT,Full cut T-shirt with crew neck and short sleeves. Contrasting front and back prints. Washed effect.
141330,323216369-922-2,RAISED TEXT T-SHIRT LIMITED EDITION,Full cut T-shirt with round neck and short sleeves. Front tonal raised text. Washed effect.
158958,320111404-428-2,RIBBED KNIT T-SHIRT,Cropped fit knit shirt. Round neck and long sleeves. Washed effect.
155010,328232445-800-2,SEMI-SHEER KNIT SHIRT LIMITED EDITION,Slim fit shirt made of wrinkle effect fabric. Round neck and long sleeves.
135857,311297550-251-2,VISCOSE BLEND KNIT T-SHIRT,Knit shirt in viscose blend fabric. Mock neck and short sleeves. Rib trim.
147690,322909502-819-2,STRIPED JACQUARD T-SHIRT,Relaxed fit T-shirt with round neck and short sleeves.
130321,320071210-802-2,ABSTRACT PRINT KNIT T-SHIRT,Cotton knit T-shirt. Round neck and short sleeves.
196752,319334070-401-2,STRUCTURED TEXT T-SHIRT,Full cut T-shirt made of mesh textured fabric. Contrast rib V-neckline and short sleeves. Front contrast printed text.
181011,322612356-505-2,HERRINGBONE TEXTURED JACKET,RETRO SNEAKERS
139967,311282631-712-2,OVERSIZED CROPPED JACKET LIMITED EDITION,V-neck sweater with long sleeves. Rib trim.
162699,329282612-401-2,LEATHER BIKER JACKET,Round neck long sleeve sweater. Metallic fabric detail and frayed trim.
119044,320026789-714-2,CROPPED LEATHER JACKET,Relaxed fit overshirt made of 25% wool fabric. Lapel collar and long sleeves with buttoned cuffs. Patch pocket at chest and side pockets at hip. Front button closure.
121348,323216360-406-2,FAUX LEATHER BOXY FIT JACKET,Relaxed fit overshirt made of stretch fabric. Lapel collar and long sleeves with buttoned cuffs. Chest patch pocket. Front button closure.
163982,318209963-800-2,FAUX LEATHER JACKET,Cropped overshirt. Lapel collar and long sleeves with buttoned cuffs. Chest patch pocket. Irregular trim. Front button closure.
185774,316727555-700-2,FAUX SUEDE BOMBER JACKET,Overshirt with lapel collar and long sleeves with buttoned cuffs. Chest patch pocket. Front button closure.
144651,312571093-710-2,DENIM BOMBER JACKET,Relaxed fit overshirt made of wool blend fabric. Lapel collar and long sleeves with buttoned cuffs. Welt pockets at hip. Front zip closure.
195103,330290387-401-2,BOUCLГ‰ TEXTURED JACKET,Varsity jacket with elastic collar and long sleeves. Welt pockets at hip and interior pocket. Embroidered appliquГ© and contrast front and back patches. Rib trim. Front snap button closure.
123047,313027279-800-2,SUIT JACKET IN 100% LINEN,Quilted jacket made of technical fabric. Lapel collar and long sleeves. Welt pockets at hip. Rib trim. Front zip closure.
123077,320671529-802-2,JACQUARD DENIM JACKET,Jacket made of technical fabric with padded interior. Lapel collar and long sleeves with elastic cuffs. Welt pockets at hip and interior pocket. Adjustable drawstring hem. Front snap button closure.
171860,323646471-802-2,PADDED DENIM JACKET,Slightly cropped denim jacket. Lapel collar and long sleeves with buttoned cuffs. Flap patch pocket at chest and side hip. Washed effect. Front button closure.
149487,312978838-611-2,LEATHER JACKET,Boxy fit jacket. Lapel collar and long sleeves with buttoned cuffs. Patch pockets at hip. Washed effect.Asymmetric hem with side vents. Front button closure.
168516,336446858-822-2,LIGHTWEIGHT BOMBER JACKET,Jacket made of faux shearling fabric. V-neckline and long sleeves with elastic cuffs. Lined interior with structured mesh fabric. Welt pockets at hip. Adjustable hem with side elastics. Front snap button closure.
177771,281883711-071-2,SUIT JACKET,Jacket with lightly padded interior. Corduroy lapel collar. Long sleeves. Patch pockets at hip. Front button closure.
172015,313008692-514-2,FAUX LEATHER BOMBER JACKET,Cropped overshirt. Lapel collar and long sleeves with buttoned cuffs. Front patch pockets. Irregular finished seams. Front button closure.
118985,281593208-015-2,PATCH BOMBER JACKET,Vest made of viscose and wool blend fabric. V-neckline. Patch pockets at hip. Front zip closure.
112194,314937772-710-2,STRETCH POCKET OVERSHIRT,Varsity jacket made of faux suede fabric. Double welt pockets at hip and interior pocket. Front and back contrasting patch appliquГ©s and embroidery. Rib trim. Front snap button closure.
113435,320278659-251-2,RIB COLLAR JACKET,Overshirt made of stretchy fabric. Lapel collar and long sleeves with snap buttoned cuffs. Chest patch pockets. Front snap button closure.
159182,321993245-500-2,FAUX LEATHER OVERSIZED JACKET LIMITED EDITION,Jacket made of technical fabric with padded interior. Tonal elastic rib high collar. Long sleeves. Welt pockets at hip and interior pocket. Interior elastic finish. Front zip closure.
199233,330590505-500-2,CONTRASTING PATCHES BOMBER JACKET,Oversized jacket. Notched lapel collar and long sleeves. Flap pockets at hip and interior pocket. Front button closure.
137044,320680326-107-39,PATCH BOMBER JACKET,Varsity jacket with elastic collar and long sleeves. Welt pockets at hip and interior pocket. Embroidered appliquГ© and contrast front and back patches. Rib trim. Front snap button closure.
154736,311292244-800-39,CROPPED BOMBER JACKET LIMITED EDITION,Varsity jacket with padded interior. Rib elastic collar and long sleeves in contrast faux leather. Double welt pockets at hip and interior pocket. Contrasting patch appliquГ©s at front and back. Rib trim. Front snap button closure.
141434,311307610-400-39,FAUX LEATHER PUFFER JACKET,Jacket with lightly padded interior. Rib collar and long sleeves. Flap pockets at waist. Rib trim. Front asymmetric zip closure.
